{
  "data" : [
    {
      "id" : "function- home_office ",
      "type" : "function",
      "name" : " home_office "
    },
    {
      "id" : "function-Mall_other",
      "type" : "function",
      "name" : "Mall_other"
    },
    {
      "id" : "function-area",
      "type" : "function",
      "name" : "area"
    },
    {
      "id" : "function-area_outdoor",
      "type" : "function",
      "name" : "area_outdoor"
    },
    {
      "id" : "function-area_outdoor_prepaid",
      "type" : "function",
      "name" : "area_outdoor_prepaid"
    },
    {
      "id" : "function-get_bill_details",
      "type" : "function",
      "name" : "get_bill_details"
    },
    {
      "id" : "function-get_datapack_details",
      "type" : "function",
      "name" : "get_datapack_details"
    },
    {
      "id" : "function-greeting",
      "type" : "function",
      "name" : "greeting"
    },
    {
      "id" : "function-home_office",
      "type" : "function",
      "name" : "home_office"
    },
    {
      "id" : "function-homeoffice",
      "type" : "function",
      "name" : "homeoffice"
    },
    {
      "id" : "function-in_out",
      "type" : "function",
      "name" : "in_out"
    },
    {
      "id" : "function-in_out_postpaid",
      "type" : "function",
      "name" : "in_out_postpaid"
    },
    {
      "id" : "function-logg_request",
      "type" : "function",
      "name" : "logg_request"
    },
    {
      "id" : "function-mall_other",
      "type" : "function",
      "name" : "mall_other"
    },
    {
      "id" : "function-mall_otherpostpaid",
      "type" : "function",
      "name" : "mall_otherpostpaid"
    },
    {
      "id" : "function-mallother",
      "type" : "function",
      "name" : "mallother"
    },
    {
      "id" : "function-office_",
      "type" : "function",
      "name" : "office_"
    },
    {
      "id" : "function-otherpostpaid",
      "type" : "function",
      "name" : "otherpostpaid"
    },
    {
      "id" : "function-plans",
      "type" : "function",
      "name" : "plans"
    },
    {
      "id" : "function-post",
      "type" : "function",
      "name" : "post"
    },
    {
      "id" : "function-post_pre",
      "type" : "function",
      "name" : "post_pre"
    },
    {
      "id" : "function-schedule_request",
      "type" : "function",
      "name" : "schedule_request"
    },
    {
      "id" : "function-time",
      "type" : "function",
      "name" : "time"
    },
    {
      "id" : "function-under_above",
      "type" : "function",
      "name" : "under_above"
    },
    {
      "id" : "template- Are you in basement? ",
      "type" : "template",
      "template" : " Are you in basement? ",
      "quickreplies" : [
        "yes",
        "no"
      ]
    },
    {
      "id" : "template- Please check if there is a cell phone jammer in your office ",
      "type" : "template",
      "template" : " Please check if there is a cell phone jammer in your office "
    },
    {
      "id" : "template- There might be very much traffic congestion in the area. We apologise for the inconvinenece faced.  ",
      "type" : "template",
      "template" : " There might be very much traffic congestion in the area. We apologise for the inconvinenece faced.  "
    },
    {
      "id" : "template- We are having problems with connectivity in sensative areas and we are working to fix these in coming days . We apologise for the inconvinenece faced. ",
      "type" : "template",
      "template" : " We are having problems with connectivity in sensative areas and we are working to fix these in coming days . We apologise for the inconvinenece faced. "
    },
    {
      "id" : "template- We are having problems with connectivity in underground areas and we are working to fix these in coming days . We apologise for the inconvinenece faced. ",
      "type" : "template",
      "template" : " We are having problems with connectivity in underground areas and we are working to fix these in coming days . We apologise for the inconvinenece faced. "
    },
    {
      "id" : "template- Welcome to airtel family :) . You can port your number by following steps given in the link below  http://www.airtel.in/mnp/ . ",
      "type" : "template",
      "template" : " Welcome to airtel family :) . You can port your number by following steps given in the link below  http://www.airtel.in/mnp/ . "
    },
    {
      "id" : "template- Your request has been forwarded to the networking team. You will recieve a call back from us later today.  We apologise for the inconvinenece faced. ",
      "type" : "template",
      "template" : " Your request has been forwarded to the networking team. You will recieve a call back from us later today.  We apologise for the inconvinenece faced. "
    },
    {
      "id" : "template- Your request has been forwarded to the networking team. You will recieve a call back from us later today.  We apologise for the inconvinenece faced.  ",
      "type" : "template",
      "template" : " Your request has been forwarded to the networking team. You will recieve a call back from us later today.  We apologise for the inconvinenece faced.  "
    },
    {
      "id" : "template- Your request has been forwarded to the networking team. You will recieve a call back from us later today.  We apologise for the inconvinenece faced.   ",
      "type" : "template",
      "template" : " Your request has been forwarded to the networking team. You will recieve a call back from us later today.  We apologise for the inconvinenece faced.   "
    },
    {
      "id" : "template-Ah! This is too hard for me to Understand! Would you like me to schedule a telephonic call with a telephonic operator",
      "type" : "template",
      "template" : "Ah! This is too hard for me to Understand! Would you like me to schedule a telephonic call with a telephonic operator",
      "quickreplies" : [
        "Yes",
        "No"
      ]
    },
    {
      "id" : "template-Ah! This is too hard for me to Understand! Would you like me to schedule a telephonic call with a telephonic operator ?",
      "type" : "template",
      "template" : "Ah! This is too hard for me to Understand! Would you like me to schedule a telephonic call with a telephonic operator ?"
    },
    {
      "id" : "template-Are  postpaid or prepaid?",
      "type" : "template",
      "template" : "Are  postpaid or prepaid?"
    },
    {
      "id" : "template-Are you Indoor or  Outdoor",
      "type" : "template",
      "template" : "Are you Indoor or  Outdoor",
      "quickreplies" : [
        "Indoor",
        "Outdoor"
      ]
    },
    {
      "id" : "template-Are you Indoor or  Outdoor - postpaid?",
      "type" : "template",
      "template" : "Are you Indoor or  Outdoor - postpaid?",
      "quickreplies" : [
        "indoor",
        "outdoor"
      ]
    },
    {
      "id" : "template-Are you Indoor or  Outdoor - prepaid?",
      "type" : "template",
      "template" : "Are you Indoor or  Outdoor - prepaid?",
      "quickreplies" : [
        "Indoor",
        "Outdoor"
      ]
    },
    {
      "id" : "template-Are you Indoor or  Outdoor?",
      "type" : "template",
      "template" : "Are you Indoor or  Outdoor?",
      "quickreplies" : [
        "Indoor",
        "Outdoor"
      ]
    },
    {
      "id" : "template-Are you Indoor or Outdoor ? ",
      "type" : "template",
      "template" : "Are you Indoor or Outdoor ? ",
      "quickreplies" : [
        "Indoor",
        "Outdoor"
      ]
    },
    {
      "id" : "template-Are you Indoor or Outdoor?",
      "type" : "template",
      "template" : "Are you Indoor or Outdoor?",
      "quickreplies" : [
        "Indoor",
        "Outdoor"
      ]
    },
    {
      "id" : "template-Are you in a  crowded area like mall or traffic jam), a network restricted/sensitive area (like Army cantonment - These areas are typically installed with network jammers for securoty issues) or may be top of a tower (typically above 10th floor )  or in a Basement ?",
      "type" : "template",
      "template" : "Are you in a  crowded area like mall or traffic jam), a network restricted/sensitive area (like Army cantonment - These areas are typically installed with network jammers for securoty issues) or may be top of a tower (typically above 10th floor )  or in a Basement ?",
      "quickreplies" : [
        "Yes",
        "No"
      ]
    },
    {
      "id" : "template-Are you in a very crowded area like mall or metro",
      "type" : "template",
      "template" : "Are you in a very crowded area like mall or metro",
      "quickreplies" : [
        "yes",
        "no"
      ]
    },
    {
      "id" : "template-Are you in a very crowded area like mall or metro ",
      "type" : "template",
      "template" : "Are you in a very crowded area like mall or metro "
    },
    {
      "id" : "template-Are you in a very crowded area like mall or metro  ",
      "type" : "template",
      "template" : "Are you in a very crowded area like mall or metro  "
    },
    {
      "id" : "template-Are you in a very crowded area like mall or metro  {yes} or {no}",
      "type" : "template",
      "template" : "Are you in a very crowded area like mall or metro  {yes} or {no}",
      "requirements" : [
        {
          "name" : "no",
          "negative" : false
        },
        {
          "name" : "yes",
          "negative" : false
        }
      ],
      "quickreplies" : [
        "yes",
        "no"
      ]
    },
    {
      "id" : "template-Are you in a very crowded area like mall or traffic jam), a network restricted/sensitive area (like Army cantonment) ",
      "type" : "template",
      "template" : "Are you in a very crowded area like mall or traffic jam), a network restricted/sensitive area (like Army cantonment) "
    },
    {
      "id" : "template-Are you in basement?",
      "type" : "template",
      "template" : "Are you in basement?",
      "quickreplies" : [
        "yes",
        "no"
      ]
    },
    {
      "id" : "template-Are you in crowded area?",
      "type" : "template",
      "template" : "Are you in crowded area?",
      "quickreplies" : [
        "yes",
        "no"
      ]
    },
    {
      "id" : "template-Are you in home or office",
      "type" : "template",
      "template" : "Are you in home or office",
      "quickreplies" : [
        "home",
        "office"
      ]
    },
    {
      "id" : "template-Are you in home or office?",
      "type" : "template",
      "template" : "Are you in home or office?"
    },
    {
      "id" : "template-Are you in mall ?",
      "type" : "template",
      "template" : "Are you in mall ?",
      "quickreplies" : [
        "yes",
        "no"
      ]
    },
    {
      "id" : "template-Are you in mall or sensative area",
      "type" : "template",
      "template" : "Are you in mall or sensative area",
      "quickreplies" : [
        "mall",
        "sensative area"
      ]
    },
    {
      "id" : "template-Are you in mall or sensative area?",
      "type" : "template",
      "template" : "Are you in mall or sensative area?"
    },
    {
      "id" : "template-Are you in malls or other sensative area ",
      "type" : "template",
      "template" : "Are you in malls or other sensative area ",
      "quickreplies" : [
        "mall",
        "sensative area"
      ]
    },
    {
      "id" : "template-Are you inside home or office?",
      "type" : "template",
      "template" : "Are you inside home or office?",
      "quickreplies" : [
        "home",
        "office"
      ]
    },
    {
      "id" : "template-Are you inside or outside?",
      "type" : "template",
      "template" : "Are you inside or outside?",
      "quickreplies" : [
        "indoor",
        "outdoor"
      ]
    },
    {
      "id" : "template-Are you underground or above 10th floor",
      "type" : "template",
      "template" : "Are you underground or above 10th floor",
      "quickreplies" : [
        "underground",
        "10th floor"
      ]
    },
    {
      "id" : "template-Are you underground?",
      "type" : "template",
      "template" : "Are you underground?",
      "quickreplies" : [
        "yes",
        "no"
      ]
    },
    {
      "id" : "template-Are you using your data in malls or other sensative area ",
      "type" : "template",
      "template" : "Are you using your data in malls or other sensative area "
    },
    {
      "id" : "template-Are you using your data plan in home or in office",
      "type" : "template",
      "template" : "Are you using your data plan in home or in office"
    },
    {
      "id" : "template-Are you using your data plan in home or in office?",
      "type" : "template",
      "template" : "Are you using your data plan in home or in office?",
      "quickreplies" : [
        "home",
        "office"
      ]
    },
    {
      "id" : "template-Are you using your data plan in home or office?",
      "type" : "template",
      "template" : "Are you using your data plan in home or office?",
      "quickreplies" : [
        "home",
        "office"
      ]
    },
    {
      "id" : "template-Can i know what type of plan you are using? Is it 2g 3g or 4g",
      "type" : "template",
      "template" : "Can i know what type of plan you are using? Is it 2g 3g or 4g",
      "quickreplies" : [
        "2g",
        "3g",
        "4g"
      ]
    },
    {
      "id" : "template-Could you please confirm your cellphone number ?",
      "type" : "template",
      "template" : "Could you please confirm your cellphone number ?"
    },
    {
      "id" : "template-Hi {contact}, Welcome to Airtel! How may i assist you ?",
      "type" : "template",
      "template" : "Hi {contact}, Welcome to Airtel! How may i assist you ?",
      "requirements" : [
        {
          "name" : "contact",
          "negative" : false
        }
      ]
    },
    {
      "id" : "template-Is it Postpaid or Prepaid",
      "type" : "template",
      "template" : "Is it Postpaid or Prepaid",
      "quickreplies" : [
        "Postpaid",
        "Prepaid"
      ]
    },
    {
      "id" : "template-Is it Postpaid or Prepaid?",
      "type" : "template",
      "template" : "Is it Postpaid or Prepaid?"
    },
    {
      "id" : "template-Is it a crowded area?",
      "type" : "template",
      "template" : "Is it a crowded area?"
    },
    {
      "id" : "template-Is it a {crowded} area?",
      "type" : "template",
      "template" : "Is it a {crowded} area?",
      "requirements" : [
        {
          "name" : "crowded",
          "negative" : false
        }
      ]
    },
    {
      "id" : "template-Is it mall and crowded area",
      "type" : "template",
      "template" : "Is it mall and crowded area"
    },
    {
      "id" : "template-Is it mall and crowded area?",
      "type" : "template",
      "template" : "Is it mall and crowded area?"
    },
    {
      "id" : "template-Is it mall or ",
      "type" : "template",
      "template" : "Is it mall or "
    },
    {
      "id" : "template-Is it postpaid or prepaid?",
      "type" : "template",
      "template" : "Is it postpaid or prepaid?",
      "quickreplies" : [
        "postpaid",
        "prepaid"
      ]
    },
    {
      "id" : "template-Is it {Postpaid} or {Prepaid}?",
      "type" : "template",
      "template" : "Is it {Postpaid} or {Prepaid}?",
      "requirements" : [
        {
          "name" : "Postpaid",
          "negative" : false
        },
        {
          "name" : "Prepaid",
          "negative" : false
        }
      ]
    },
    {
      "id" : "template-Is it {postpaid} or {prepaid}?",
      "type" : "template",
      "template" : "Is it {postpaid} or {prepaid}?",
      "requirements" : [
        {
          "name" : "postpaid",
          "negative" : false
        },
        {
          "name" : "prepaid",
          "negative" : false
        }
      ],
      "quickreplies" : [
        "postpaid",
        "prepaid"
      ]
    },
    {
      "id" : "template-Is there anything else I can assist you with --redirection?",
      "type" : "template",
      "template" : "Is there anything else I can assist you with --redirection?"
    },
    {
      "id" : "template-Is there anything else I can assist you with ?",
      "type" : "template",
      "template" : "Is there anything else I can assist you with ?",
      "quickreplies" : [
        "Yes",
        "No"
      ]
    },
    {
      "id" : "template-It seems like  ",
      "type" : "template",
      "template" : "It seems like  "
    },
    {
      "id" : "template-It seems like  you are using 4g data plan on your 3g phone. kindly check your connections",
      "type" : "template",
      "template" : "It seems like  you are using 4g data plan on your 3g phone. kindly check your connections"
    },
    {
      "id" : "template-Oka",
      "type" : "template",
      "template" : "Oka"
    },
    {
      "id" : "template-Okay. This is wierd, But do not worry - We can Fix this. We need time to process your concern. Would you allow us some time to investigate the issue and get back to you on this ?",
      "type" : "template",
      "template" : "Okay. This is wierd, But do not worry - We can Fix this. We need time to process your concern. Would you allow us some time to investigate the issue and get back to you on this ?"
    },
    {
      "id" : "template-Please Dial *141# on your phone to check your outstanding amount. ",
      "type" : "template",
      "template" : "Please Dial *141# on your phone to check your outstanding amount. "
    },
    {
      "id" : "template-Please Dial *141# on your phone to check your outstanding amount. Is there anything else I can assist you with ?",
      "type" : "template",
      "template" : "Please Dial *141# on your phone to check your outstanding amount. Is there anything else I can assist you with ?"
    },
    {
      "id" : "template-Please Dial *141# on your phone to check your outstanding amount. Is there anything else I can assist you with ? (yes/no)",
      "type" : "template",
      "template" : "Please Dial *141# on your phone to check your outstanding amount. Is there anything else I can assist you with ? (yes/no)"
    },
    {
      "id" : "template-Please check if there is a cell phone jammer in your office",
      "type" : "template",
      "template" : "Please check if there is a cell phone jammer in your office"
    },
    {
      "id" : "template-Please let us know your available timings",
      "type" : "template",
      "template" : "Please let us know your available timings"
    },
    {
      "id" : "template-Please let us know your available timings to schedule a call with our service operators.",
      "type" : "template",
      "template" : "Please let us know your available timings to schedule a call with our service operators."
    },
    {
      "id" : "template-Please let us know your available timings to schedule a call with our service operators. (redirect)",
      "type" : "template",
      "template" : "Please let us know your available timings to schedule a call with our service operators. (redirect)"
    },
    {
      "id" : "template-T",
      "type" : "template",
      "template" : "T"
    },
    {
      "id" : "template-Thank ",
      "type" : "template",
      "template" : "Thank "
    },
    {
      "id" : "template-Thank you",
      "type" : "template",
      "template" : "Thank you"
    },
    {
      "id" : "template-Thank you for writing to us. It was a pleasure to service you. We wish you a pleasant day ahead. Bye!",
      "type" : "template",
      "template" : "Thank you for writing to us. It was a pleasure to service you. We wish you a pleasant day ahead. Bye!"
    },
    {
      "id" : "template-Thank you for writing to us. It was a pleasure to service you. We wish you a pleasant day ahead. Bye! (redirect)",
      "type" : "template",
      "template" : "Thank you for writing to us. It was a pleasure to service you. We wish you a pleasant day ahead. Bye! (redirect)"
    },
    {
      "id" : "template-Thank you for writing to us. We wish you a pleasant day ahead. Bye!",
      "type" : "template",
      "template" : "Thank you for writing to us. We wish you a pleasant day ahead. Bye!"
    },
    {
      "id" : "template-Thank you for your understanding. You'll hear back from us in 2 working days with an update on this issue.",
      "type" : "template",
      "template" : "Thank you for your understanding. You'll hear back from us in 2 working days with an update on this issue."
    },
    {
      "id" : "template-Thanks for your query. In a recent competitor survey, It was found that we are leading player in data speed compared to any other network. You can refer this article for more details: https://www.thequint.com/technology/2017/03/21/airtel-reliance-jio-and-ookla-fight-it-out-over-fast-internet-speed-test-claims-in-india ",
      "type" : "template",
      "template" : "Thanks for your query. In a recent competitor survey, It was found that we are leading player in data speed compared to any other network. You can refer this article for more details: https://www.thequint.com/technology/2017/03/21/airtel-reliance-jio-and-ookla-fight-it-out-over-fast-internet-speed-test-claims-in-india "
    },
    {
      "id" : "template-Thanks for your query. We found in survey that we are leading in data speed than any other company. You can check on the following link",
      "type" : "template",
      "template" : "Thanks for your query. We found in survey that we are leading in data speed than any other company. You can check on the following link"
    },
    {
      "id" : "template-Thanks for your query. We found in survey that we are leading in data speed than any other company. You can check on the following link https://www.thequint.com/technology/2017/03/21/airtel-reliance-jio-and-ookla-fight-it-out-over-fast-internet-speed-test-claims-in-india",
      "type" : "template",
      "template" : "Thanks for your query. We found in survey that we are leading in data speed than any other company. You can check on the following link https://www.thequint.com/technology/2017/03/21/airtel-reliance-jio-and-ookla-fight-it-out-over-fast-internet-speed-test-claims-in-india"
    },
    {
      "id" : "template-Thanks for your query. We found in survey that we are leading in data speed than any other company. You can check on the following link https://www.thequint.com/technology/2017/03/21/airtel-reliance-jio-and-ookla-fight-it-out-over-fast-internet-speed-test-claims-in-india ",
      "type" : "template",
      "template" : "Thanks for your query. We found in survey that we are leading in data speed than any other company. You can check on the following link https://www.thequint.com/technology/2017/03/21/airtel-reliance-jio-and-ookla-fight-it-out-over-fast-internet-speed-test-claims-in-india "
    },
    {
      "id" : "template-There are low connectivity in tjis area. we are ",
      "type" : "template",
      "template" : "There are low connectivity in tjis area. we are "
    },
    {
      "id" : "template-There might be network issues due to above cited reasons. We'll still register a complaint for you and will further investigate. Could you please give us the area pincode where you face issues ?",
      "type" : "template",
      "template" : "There might be network issues due to above cited reasons. We'll still register a complaint for you and will further investigate. Could you please give us the area pincode where you face issues ?"
    },
    {
      "id" : "template-There might be very much traffic congestion in the area. We apologise for the inconvinenece faced. ",
      "type" : "template",
      "template" : "There might be very much traffic congestion in the area. We apologise for the inconvinenece faced. "
    },
    {
      "id" : "template-We apologise for the inconvinenece faced. Could you please give us your telephone number ",
      "type" : "template",
      "template" : "We apologise for the inconvinenece faced. Could you please give us your telephone number "
    },
    {
      "id" : "template-We apologise for the inconvinenece faced. Could you please give us your telephone number so that we could look into it ?",
      "type" : "template",
      "template" : "We apologise for the inconvinenece faced. Could you please give us your telephone number so that we could look into it ?"
    },
    {
      "id" : "template-We apologise for the inconvinience faced. Could you please give us your telephone number so that we could look into it ?",
      "type" : "template",
      "template" : "We apologise for the inconvinience faced. Could you please give us your telephone number so that we could look into it ?"
    },
    {
      "id" : "template-We are having problems with connectivity in underground areas and we are working to fix these in coming days . We apologise for the inconvinenece faced.",
      "type" : "template",
      "template" : "We are having problems with connectivity in underground areas and we are working to fix these in coming days . We apologise for the inconvinenece faced."
    },
    {
      "id" : "template-We are looking into it",
      "type" : "template",
      "template" : "We are looking into it"
    },
    {
      "id" : "template-We are looking into it {bill_details}",
      "type" : "template",
      "template" : "We are looking into it {bill_details}",
      "requirements" : [
        {
          "name" : "bill_details",
          "negative" : false
        }
      ]
    },
    {
      "id" : "template-We are sorry to see you go. Could you like to set up a personal call with our experts so that we ",
      "type" : "template",
      "template" : "We are sorry to see you go. Could you like to set up a personal call with our experts so that we "
    },
    {
      "id" : "template-We are sorry to see you go. Could you like to set up a personal call with our experts so that we  assist you properly",
      "type" : "template",
      "template" : "We are sorry to see you go. Could you like to set up a personal call with our experts so that we  assist you properly"
    },
    {
      "id" : "template-We are sorry to see you go. Could you like to set up a personal call with our experts so that we  assist you properly.",
      "type" : "template",
      "template" : "We are sorry to see you go. Could you like to set up a personal call with our experts so that we  assist you properly."
    },
    {
      "id" : "template-We are sorry to see you go. Could you like to set up a personal call with our experts so that we  assist you properly. is there anything else i can assist you with",
      "type" : "template",
      "template" : "We are sorry to see you go. Could you like to set up a personal call with our experts so that we  assist you properly. is there anything else i can assist you with"
    },
    {
      "id" : "template-We are sorry to see you go. Could you like to set up a personal call with our experts so that we  assist you properly. is there anything else i can assist you with?",
      "type" : "template",
      "template" : "We are sorry to see you go. Could you like to set up a personal call with our experts so that we  assist you properly. is there anything else i can assist you with?"
    },
    {
      "id" : "template-We are sorry to see you go. Would you like to set up a personal call with our experts so that we  assist you properly.",
      "type" : "template",
      "template" : "We are sorry to see you go. Would you like to set up a personal call with our experts so that we  assist you properly."
    },
    {
      "id" : "template-What type of plan are you using",
      "type" : "template",
      "template" : "What type of plan are you using"
    },
    {
      "id" : "template-What type of plan are you using Postpaid or Prepaid ?",
      "type" : "template",
      "template" : "What type of plan are you using Postpaid or Prepaid ?",
      "quickreplies" : [
        "Prepaid",
        "Postpaid"
      ]
    },
    {
      "id" : "template-What type of plan are you using postpaid or prepaid",
      "type" : "template",
      "template" : "What type of plan are you using postpaid or prepaid",
      "quickreplies" : [
        "postpaid",
        "prepaid"
      ]
    },
    {
      "id" : "template-What type of plan are you using postpaid or prepaid ?",
      "type" : "template",
      "template" : "What type of plan are you using postpaid or prepaid ?",
      "quickreplies" : [
        "Prepaid",
        "Postpaid"
      ]
    },
    {
      "id" : "template-What type of plan are you using?",
      "type" : "template",
      "template" : "What type of plan are you using?",
      "quickreplies" : [
        "postpaid",
        "prepaid"
      ]
    },
    {
      "id" : "template-You can port your number by following steps given in the link below ",
      "type" : "template",
      "template" : "You can port your number by following steps given in the link below "
    },
    {
      "id" : "template-You can port your number by following steps given in the link below  airtel.in/mnp/ . Welcome to airtel family :) . ",
      "type" : "template",
      "template" : "You can port your number by following steps given in the link below  airtel.in/mnp/ . Welcome to airtel family :) . "
    },
    {
      "id" : "template-You can port your number by following steps given in the link below  http://www.airtel.in/mnp/  .Welcome to airtel family :) . ",
      "type" : "template",
      "template" : "You can port your number by following steps given in the link below  http://www.airtel.in/mnp/  .Welcome to airtel family :) . "
    },
    {
      "id" : "template-You can port your number by following steps given in the link below  http://www.airtel.in/mnp/ .Welcome to airtel family :) . ",
      "type" : "template",
      "template" : "You can port your number by following steps given in the link below  http://www.airtel.in/mnp/ .Welcome to airtel family :) . "
    },
    {
      "id" : "template-You can port your number by following steps given in the link below  www.airtel.in/mnp/  .Welcome to airtel family :) . ",
      "type" : "template",
      "template" : "You can port your number by following steps given in the link below  www.airtel.in/mnp/  .Welcome to airtel family :) . "
    },
    {
      "id" : "template-You can port your number by following steps given in the link below  www/airtel.in/mnp/ . Welcome to airtel family :) . ",
      "type" : "template",
      "template" : "You can port your number by following steps given in the link below  www/airtel.in/mnp/ . Welcome to airtel family :) . "
    },
    {
      "id" : "template-You can port your number by following steps given in the link below http://www.airtel.in/mnp/steps-to-switch.html. Welcome to airtel family :) . ",
      "type" : "template",
      "template" : "You can port your number by following steps given in the link below http://www.airtel.in/mnp/steps-to-switch.html. Welcome to airtel family :) . "
    },
    {
      "id" : "template-Your call is scheduled. Thank you for writing to us. We wish you a pleasant day ahead! Bye! ",
      "type" : "template",
      "template" : "Your call is scheduled. Thank you for writing to us. We wish you a pleasant day ahead! Bye! "
    },
    {
      "id" : "template-Your call is scheduled. You'll hear back from us shortly. Thank you for writing to us. We wish you a pleasant day ahead! Bye! ",
      "type" : "template",
      "template" : "Your call is scheduled. You'll hear back from us shortly. Thank you for writing to us. We wish you a pleasant day ahead! Bye! "
    },
    {
      "id" : "template-Your phone is 3g and you are using 4g data. Kindly change your settings.",
      "type" : "template",
      "template" : "Your phone is 3g and you are using 4g data. Kindly change your settings."
    },
    {
      "id" : "template-Your request has been forwarded to the networking team. You will recieve a call back from us later today.",
      "type" : "template",
      "template" : "Your request has been forwarded to the networking team. You will recieve a call back from us later today."
    },
    {
      "id" : "template-Your request has been forwarded to the networking team. You will recieve a call back from us later today.  We apologise for the inconvinenece faced. ",
      "type" : "template",
      "template" : "Your request has been forwarded to the networking team. You will recieve a call back from us later today.  We apologise for the inconvinenece faced. "
    },
    {
      "id" : "template-Your request have been configured",
      "type" : "template",
      "template" : "Your request have been configured"
    },
    {
      "id" : "template-are you in mall or other sensative area",
      "type" : "template",
      "template" : "are you in mall or other sensative area",
      "quickreplies" : [
        "mall",
        "sensative area"
      ]
    },
    {
      "id" : "template-are you in malls or other sensative area ",
      "type" : "template",
      "template" : "are you in malls or other sensative area ",
      "quickreplies" : [
        "mall",
        "sensitive area"
      ]
    },
    {
      "id" : "template-are you inside home or office?",
      "type" : "template",
      "template" : "are you inside home or office?",
      "quickreplies" : [
        "home",
        "office"
      ]
    },
    {
      "id" : "template-are you inside mall?",
      "type" : "template",
      "template" : "are you inside mall?",
      "quickreplies" : [
        "yes",
        "no"
      ]
    },
    {
      "id" : "template-how many towers are there in your phone",
      "type" : "template",
      "template" : "how many towers are there in your phone",
      "quickreplies" : [
        "less than 2",
        "more than 2"
      ]
    },
    {
      "id" : "template-in sensative area we are",
      "type" : "template",
      "template" : "in sensative area we are"
    },
    {
      "id" : "template-thanks for your support. we will call you as soon as possible. Hope you stay in our airtel family",
      "type" : "template",
      "template" : "thanks for your support. we will call you as soon as possible. Hope you stay in our airtel family"
    },
    {
      "id" : "template-thanks for your support. we will call you at {datetime}. Hope you stay in our airtel family",
      "type" : "template",
      "template" : "thanks for your support. we will call you at {datetime}. Hope you stay in our airtel family",
      "requirements" : [
        {
          "name" : "datetime",
          "negative" : false
        }
      ]
    },
    {
      "id" : "template-we have ",
      "type" : "template",
      "template" : "we have "
    },
    {
      "id" : "template-what type of connection are you having",
      "type" : "template",
      "template" : "what type of connection are you having"
    },
    {
      "id" : "template-what type of connection are you having ",
      "type" : "template",
      "template" : "what type of connection are you having "
    },
    {
      "id" : "template-what type of plan are you using",
      "type" : "template",
      "template" : "what type of plan are you using"
    },
    {
      "id" : "template-you have exhausted your 2g data. recharge for using services of 2g",
      "type" : "template",
      "template" : "you have exhausted your 2g data. recharge for using services of 2g"
    },
    {
      "id" : "template-your plan is been exhausted. please recharge for futher use of 4g services",
      "type" : "template",
      "template" : "your plan is been exhausted. please recharge for futher use of 4g services"
    },
    {
      "id" : "template-{bill_details}",
      "type" : "template",
      "template" : "{bill_details}",
      "requirements" : [
        {
          "name" : "bill_details",
          "negative" : false
        }
      ]
    },
    {
      "id" : "template-{datapack}",
      "type" : "template",
      "template" : "{datapack}",
      "requirements" : [
        {
          "name" : "datapack",
          "negative" : false
        }
      ]
    },
    {
      "id" : "template-{datapack} ",
      "type" : "template",
      "template" : "{datapack} ",
      "requirements" : [
        {
          "name" : "datapack",
          "negative" : false
        }
      ]
    },
    {
      "id" : "template-{datapack} {phone_number}",
      "type" : "template",
      "template" : "{datapack} {phone_number}",
      "requirements" : [
        {
          "name" : "datapack",
          "negative" : false
        },
        {
          "name" : "phone_number",
          "negative" : false
        }
      ]
    },
    {
      "id" : "template-{}Are you Indoor or  Outdoor?",
      "type" : "template",
      "template" : "{}Are you Indoor or  Outdoor?"
    }
  ]
}