{
  "data" : [
    {
      "text" : "10th floor"
    },
    {
      "text" : "123456789",
      "entities" : [
        {
          "entity" : "phone_number",
          "value" : "{:value \"123456789\"}",
          "start" : 0,
          "end" : 9
        }
      ]
    },
    {
      "text" : "2g",
      "entities" : [
        {
          "entity" : "plan",
          "value" : "\"2g\"",
          "start" : 0,
          "end" : 2
        }
      ]
    },
    {
      "text" : "3g",
      "entities" : [
        {
          "entity" : "plan",
          "value" : "\"3g\"",
          "start" : 0,
          "end" : 2
        }
      ]
    },
    {
      "text" : "4g",
      "entities" : [
        {
          "entity" : "plan",
          "value" : "\"4g\"",
          "start" : 0,
          "end" : 2
        }
      ]
    },
    {
      "text" : "Can you please help me How can I find my bill ?",
      "entities" : [
        {
          "entity" : "issues",
          "value" : "\"find bill\""
        },
        {
          "entity" : "intent",
          "value" : "\"Billing Issues\"",
          "start" : 41,
          "end" : 45
        }
      ]
    },
    {
      "text" : "Hello",
      "entities" : [
        {
          "entity" : "greetings",
          "value" : "\"true\""
        }
      ]
    },
    {
      "text" : "Hello myself Mahak",
      "entities" : [
        {
          "entity" : "intent",
          "value" : "\"greeting\""
        },
        {
          "entity" : "contact",
          "value" : "\"Mahak\"",
          "start" : 13,
          "end" : 18
        }
      ]
    },
    {
      "text" : "Hey there! ",
      "entities" : [
        {
          "entity" : "greetings",
          "value" : "\"true\""
        },
        {
          "entity" : "greet_text",
          "value" : "\"Hey\"",
          "start" : 0,
          "end" : 3
        }
      ]
    },
    {
      "text" : "Hey, This is Mahak",
      "entities" : [
        {
          "entity" : "intent",
          "value" : "\"greeting\""
        },
        {
          "entity" : "contact",
          "value" : "\"Mahak\"",
          "start" : 13,
          "end" : 18
        }
      ]
    },
    {
      "text" : "Hi",
      "entities" : [
        {
          "entity" : "greetings",
          "value" : "\"true\""
        },
        {
          "entity" : "intent",
          "value" : "\"greeting\""
        },
        {
          "entity" : "greet_text",
          "value" : "\"Hi\"",
          "start" : 0,
          "end" : 2
        }
      ]
    },
    {
      "text" : "Hi I am Mahak ",
      "entities" : [
        {
          "entity" : "intent",
          "value" : "\"greeting\""
        },
        {
          "entity" : "contact",
          "value" : "\"Mahak\"",
          "start" : 8,
          "end" : 13
        }
      ]
    },
    {
      "text" : "Hi Mahak here",
      "entities" : [
        {
          "entity" : "greetings",
          "value" : "\"true\""
        },
        {
          "entity" : "greet_text",
          "value" : "\"Hi\"",
          "start" : 0,
          "end" : 2
        },
        {
          "entity" : "contact",
          "value" : "\"Mahak\"",
          "start" : 3,
          "end" : 8
        }
      ]
    },
    {
      "text" : "Hi there",
      "entities" : [
        {
          "entity" : "greetings",
          "value" : "\"true\""
        },
        {
          "entity" : "intent",
          "value" : "\"greeting\""
        },
        {
          "entity" : "greet_text",
          "value" : "\"Hi\"",
          "start" : 0,
          "end" : 2
        }
      ]
    },
    {
      "text" : "Hi this is Mahak ",
      "entities" : [
        {
          "entity" : "greetings",
          "value" : "\"true\""
        },
        {
          "entity" : "intent",
          "value" : "\"greeting\""
        },
        {
          "entity" : "greet_text",
          "value" : "\"Hi\"",
          "start" : 0,
          "end" : 2
        },
        {
          "entity" : "contact",
          "value" : "\"Mahak\"",
          "start" : 11,
          "end" : 16
        }
      ]
    },
    {
      "text" : "Hi this is Mahak here",
      "entities" : [
        {
          "entity" : "greetings",
          "value" : "\"true\""
        },
        {
          "entity" : "contact",
          "value" : "\"Mahak\"",
          "start" : 11,
          "end" : 16
        }
      ]
    },
    {
      "text" : "How can I find my Bill ?",
      "entities" : [
        {
          "entity" : "intent",
          "value" : "\"Billing Issues\""
        },
        {
          "entity" : "issues",
          "value" : "\"find bill\""
        }
      ]
    },
    {
      "text" : "How can i find my bill ?",
      "entities" : [
        {
          "entity" : "issues",
          "value" : "\"find bill\""
        },
        {
          "entity" : "intent",
          "value" : "\"Billing Issues\"",
          "start" : 18,
          "end" : 22
        }
      ]
    },
    {
      "text" : "How to install set up a VPN ?",
      "entities" : [
        {
          "entity" : "intent",
          "value" : "\"nothing matched\""
        }
      ]
    },
    {
      "text" : "I am being charged high in my bill",
      "entities" : [
        {
          "entity" : "issues",
          "value" : "\"charged more\"",
          "start" : 11,
          "end" : 23
        },
        {
          "entity" : "intent",
          "value" : "\"Billing Issues\"",
          "start" : 30,
          "end" : 34
        }
      ]
    },
    {
      "text" : "I can not find my bill",
      "entities" : [
        {
          "entity" : "intent",
          "value" : "\"Billing Issues\""
        },
        {
          "entity" : "issues",
          "value" : "\"find bill\"",
          "start" : 6,
          "end" : 22
        }
      ]
    },
    {
      "text" : "I do not know"
    },
    {
      "text" : "I have a problem with my bill",
      "entities" : [
        {
          "entity" : "issues",
          "value" : "\"charged more\""
        },
        {
          "entity" : "intent",
          "value" : "\"Billing Issues\"",
          "start" : 25,
          "end" : 29
        }
      ]
    },
    {
      "text" : "I have been charged high last month",
      "entities" : [
        {
          "entity" : "intent",
          "value" : "\"Billing Issues\""
        },
        {
          "entity" : "issues",
          "value" : "\"charged more\"",
          "start" : 12,
          "end" : 24
        },
        {
          "entity" : "datetime",
          "value" : "\"2017-04-01T00:00:00.000-07:00\"",
          "start" : 25,
          "end" : 35
        }
      ]
    },
    {
      "text" : "I have problem with my Bill",
      "entities" : [
        {
          "entity" : "intent",
          "value" : "\"Billing Issues\"",
          "start" : 23,
          "end" : 27
        }
      ]
    },
    {
      "text" : "I want to leave airtel",
      "entities" : [
        {
          "entity" : "intent",
          "value" : "\"porting\""
        },
        {
          "entity" : "mnp",
          "value" : "\"from airtel\""
        }
      ]
    },
    {
      "text" : "I want to port from aircel to airtel",
      "entities" : [
        {
          "entity" : "intent",
          "value" : "\"mnp\""
        },
        {
          "entity" : "competitor",
          "value" : "\"reliance jio\"",
          "start" : 20,
          "end" : 26
        },
        {
          "entity" : "porting",
          "value" : "\"airtel\"",
          "start" : 29,
          "end" : 36
        }
      ]
    },
    {
      "text" : "I want to port from airtel to aircel",
      "entities" : [
        {
          "entity" : "intent",
          "value" : "\"porting\""
        },
        {
          "entity" : "mnp",
          "value" : "\"from airtel\"",
          "start" : 15,
          "end" : 26
        },
        {
          "entity" : "competitor",
          "value" : "\"reliance jio\"",
          "start" : 30,
          "end" : 36
        }
      ]
    },
    {
      "text" : "I was billed a lot this month",
      "entities" : [
        {
          "entity" : "intent",
          "value" : "\"Billing Issues\""
        },
        {
          "entity" : "issues",
          "value" : "\"charged more\"",
          "start" : 6,
          "end" : 18
        },
        {
          "entity" : "datetime",
          "value" : "\"2017-05-01T00:00:00.000-07:00\"",
          "start" : 19,
          "end" : 29
        }
      ]
    },
    {
      "text" : "I was charged more in last month",
      "entities" : [
        {
          "entity" : "intent",
          "value" : "\"Billing Issues\""
        },
        {
          "entity" : "issues",
          "value" : "\"charged more\""
        },
        {
          "entity" : "datetime",
          "value" : "\"2017-04-01T00:00:00.000-07:00\"",
          "start" : 22,
          "end" : 32
        }
      ]
    },
    {
      "text" : "Indoor"
    },
    {
      "text" : "Is there anything else I can assist you with ?",
      "entities" : [
        {
          "entity" : "intent",
          "value" : "\"redirect_story\""
        },
        {
          "entity" : "yes_no",
          "value" : "\"No\""
        },
        {
          "entity" : "yes_no",
          "value" : "\"Yes\""
        }
      ]
    },
    {
      "text" : "My area code is 110043",
      "entities" : [
        {
          "entity" : "pincode",
          "value" : "\"110043\"",
          "start" : 16,
          "end" : 22
        }
      ]
    },
    {
      "text" : "My bill was very high last month",
      "entities" : [
        {
          "entity" : "issues",
          "value" : "\"charged more\""
        },
        {
          "entity" : "intent",
          "value" : "\"Billing Issues\"",
          "start" : 3,
          "end" : 7
        },
        {
          "entity" : "datetime",
          "value" : "\"2017-04-01T00:00:00.000-07:00\"",
          "start" : 22,
          "end" : 32
        }
      ]
    },
    {
      "text" : "My phone number is 123456789",
      "entities" : [
        {
          "entity" : "phone_number",
          "value" : "\"123456789\"",
          "start" : 19,
          "end" : 28
        }
      ]
    },
    {
      "text" : "No",
      "entities" : [
        {
          "entity" : "yes_no",
          "value" : "\"no\""
        }
      ]
    },
    {
      "text" : "No ",
      "entities" : [
        {
          "entity" : "yes_no",
          "value" : "\"No\""
        }
      ]
    },
    {
      "text" : "Nothing matched",
      "entities" : [
        {
          "entity" : "intent",
          "value" : "\"nothing matched\""
        }
      ]
    },
    {
      "text" : "Ok"
    },
    {
      "text" : "Okay. Thanks"
    },
    {
      "text" : "Outdoor"
    },
    {
      "text" : "Pincode is 113302",
      "entities" : [
        {
          "entity" : "phone_number",
          "value" : "\"113302\"",
          "start" : 11,
          "end" : 17
        }
      ]
    },
    {
      "text" : "Postpaid",
      "entities" : [
        {
          "entity" : "post_pre",
          "value" : "\"postpaid\""
        }
      ]
    },
    {
      "text" : "Prepaid",
      "entities" : [
        {
          "entity" : "post_pre",
          "value" : "\"prepaid\""
        }
      ]
    },
    {
      "text" : "This is a test story to check redirection",
      "entities" : [
        {
          "entity" : "intent",
          "value" : "\"redirect_story\""
        }
      ]
    },
    {
      "text" : "Yes",
      "entities" : [
        {
          "entity" : "yes_no",
          "value" : "\"yes\""
        }
      ]
    },
    {
      "text" : "Yes sure, It is 1234567890",
      "entities" : [
        {
          "entity" : "phone_number",
          "value" : "\"1234567890\"",
          "start" : 16,
          "end" : 26
        }
      ]
    },
    {
      "text" : "above 10th floor"
    },
    {
      "text" : "airtel has bad services",
      "entities" : [
        {
          "entity" : "bad_words",
          "value" : "\"terrible\""
        },
        {
          "entity" : "intent",
          "value" : "\"anger\""
        }
      ]
    },
    {
      "text" : "airtel has mean services",
      "entities" : [
        {
          "entity" : "intent",
          "value" : "\"anger\""
        },
        {
          "entity" : "bad_words",
          "value" : "\"suck\"",
          "start" : 11,
          "end" : 15
        }
      ]
    },
    {
      "text" : "airtel has terrible services",
      "entities" : [
        {
          "entity" : "intent",
          "value" : "\"anger\""
        },
        {
          "entity" : "bad_words",
          "value" : "\"terrible\"",
          "start" : 11,
          "end" : 19
        }
      ]
    },
    {
      "text" : "airtel you really suck",
      "entities" : [
        {
          "entity" : "intent",
          "value" : "\"anger\""
        },
        {
          "entity" : "bad_words",
          "value" : "\"suck\"",
          "start" : 18,
          "end" : 22
        }
      ]
    },
    {
      "text" : "area code is 431234",
      "entities" : [
        {
          "entity" : "phone_number",
          "value" : "\"431234\"",
          "start" : 13,
          "end" : 19
        }
      ]
    },
    {
      "text" : "call me anytime"
    },
    {
      "text" : "charged more bill",
      "entities" : [
        {
          "entity" : "issues",
          "value" : "\"charged more\"",
          "start" : 0,
          "end" : 12
        },
        {
          "entity" : "intent",
          "value" : "\"Billing Issues\"",
          "start" : 13,
          "end" : 17
        }
      ]
    },
    {
      "text" : "data is not working",
      "entities" : [
        {
          "entity" : "intent",
          "value" : "\"data issues\""
        },
        {
          "entity" : "issues",
          "value" : "\"data plan\""
        }
      ]
    },
    {
      "text" : "data not working",
      "entities" : [
        {
          "entity" : "intent",
          "value" : "\"data issues\""
        },
        {
          "entity" : "issues",
          "value" : "\"data plan\""
        }
      ]
    },
    {
      "text" : "data pack not working ",
      "entities" : [
        {
          "entity" : "intent",
          "value" : "\"data issues\""
        },
        {
          "entity" : "issues",
          "value" : "\"data plan\""
        }
      ]
    },
    {
      "text" : "data plan not working",
      "entities" : [
        {
          "entity" : "intent",
          "value" : "\"data issues\""
        },
        {
          "entity" : "issues",
          "value" : "\"data plan\"",
          "start" : 0,
          "end" : 9
        }
      ]
    },
    {
      "text" : "find bill",
      "entities" : [
        {
          "entity" : "intent",
          "value" : "\"Billing Issues\""
        },
        {
          "entity" : "issues",
          "value" : "\"find bill\""
        }
      ]
    },
    {
      "text" : "find my bill",
      "entities" : [
        {
          "entity" : "intent",
          "value" : "\"Billing Issues\""
        },
        {
          "entity" : "issues",
          "value" : "\"find bill\"",
          "start" : 0,
          "end" : 12
        }
      ]
    },
    {
      "text" : "form my airtel to vodafone",
      "entities" : [
        {
          "entity" : "intent",
          "value" : "\"porting\""
        },
        {
          "entity" : "mnp",
          "value" : "\"from airtel\""
        },
        {
          "entity" : "competitor",
          "value" : "\"reliance jio\"",
          "start" : 18,
          "end" : 26
        }
      ]
    },
    {
      "text" : "hi",
      "entities" : [
        {
          "entity" : "greetings",
          "value" : "\"true\""
        },
        {
          "entity" : "intent",
          "value" : "\"greeting\""
        }
      ]
    },
    {
      "text" : "hi my name is pravesh",
      "entities" : [
        {
          "entity" : "greetings",
          "value" : "\"true\""
        },
        {
          "entity" : "greet_text",
          "value" : "\"Hi\"",
          "start" : 0,
          "end" : 2
        },
        {
          "entity" : "contact",
          "value" : "\"pravesh\"",
          "start" : 14,
          "end" : 21
        }
      ]
    },
    {
      "text" : "hi there",
      "entities" : [
        {
          "entity" : "greetings",
          "value" : "\"true\""
        },
        {
          "entity" : "intent",
          "value" : "\"greeting\""
        }
      ]
    },
    {
      "text" : "high bill this month",
      "entities" : [
        {
          "entity" : "intent",
          "value" : "\"Billing Issues\""
        },
        {
          "entity" : "issues",
          "value" : "\"charged more\"",
          "start" : 0,
          "end" : 9
        },
        {
          "entity" : "datetime",
          "value" : "\"2017-05-01T00:00:00.000-07:00\"",
          "start" : 10,
          "end" : 20
        }
      ]
    },
    {
      "text" : "hii i am mortiz",
      "entities" : [
        {
          "entity" : "intent",
          "value" : "\"greeting\""
        },
        {
          "entity" : "greet_text",
          "value" : "\"Hi\"",
          "start" : 0,
          "end" : 2
        },
        {
          "entity" : "contact",
          "value" : "\"mortiz\"",
          "start" : 9,
          "end" : 15
        }
      ]
    },
    {
      "text" : "home",
      "entities" : [
        {
          "entity" : "location",
          "value" : "\"home\"",
          "start" : 0,
          "end" : 4
        }
      ]
    },
    {
      "text" : "how can i port from reliance jio to airtel",
      "entities" : [
        {
          "entity" : "intent",
          "value" : "\"mnp\""
        },
        {
          "entity" : "porting",
          "value" : "\"airtel\""
        }
      ]
    },
    {
      "text" : "how can i port from vodafone to airtel",
      "entities" : [
        {
          "entity" : "intent",
          "value" : "\"mnp\""
        },
        {
          "entity" : "porting",
          "value" : "\"airtel\""
        }
      ]
    },
    {
      "text" : "how can i port my number",
      "entities" : [
        {
          "entity" : "intent",
          "value" : "\"mnp\""
        },
        {
          "entity" : "porting",
          "value" : "\"airtel\""
        }
      ]
    },
    {
      "text" : "how can i port my number to airtel",
      "entities" : [
        {
          "entity" : "intent",
          "value" : "\"mnp\""
        },
        {
          "entity" : "porting",
          "value" : "\"airtel\""
        }
      ]
    },
    {
      "text" : "i am being charged more ",
      "entities" : [
        {
          "entity" : "intent",
          "value" : "\"Billing Issues\""
        },
        {
          "entity" : "issues",
          "value" : "\"charged more\"",
          "start" : 11,
          "end" : 23
        }
      ]
    },
    {
      "text" : "i am not intrested in your story",
      "entities" : [
        {
          "entity" : "intent",
          "value" : "\"nothing matched\""
        }
      ]
    },
    {
      "text" : "i can not find my bill",
      "entities" : [
        {
          "entity" : "intent",
          "value" : "\"Billing Issues\""
        },
        {
          "entity" : "issues",
          "value" : "\"find bill\"",
          "start" : 6,
          "end" : 22
        }
      ]
    },
    {
      "text" : "indoor",
      "entities" : [
        {
          "entity" : "custom_location",
          "value" : "\"indoor\"",
          "start" : 0,
          "end" : 6
        }
      ]
    },
    {
      "text" : "internet does not function",
      "entities" : [
        {
          "entity" : "intent",
          "value" : "\"data issues\""
        },
        {
          "entity" : "issues",
          "value" : "\"data plan not working\"",
          "start" : 0,
          "end" : 8
        }
      ]
    },
    {
      "text" : "internet does not work",
      "entities" : [
        {
          "entity" : "intent",
          "value" : "\"data issues\""
        },
        {
          "entity" : "issues",
          "value" : "\"data plan not working\"",
          "start" : 0,
          "end" : 8
        }
      ]
    },
    {
      "text" : "internet not working",
      "entities" : [
        {
          "entity" : "intent",
          "value" : "\"data issues\""
        },
        {
          "entity" : "issues",
          "value" : "\"data plan not working\"",
          "start" : 9,
          "end" : 12
        }
      ]
    },
    {
      "text" : "is airtel better in the terms of data plans",
      "entities" : [
        {
          "entity" : "intent",
          "value" : "\"competition comparison\""
        }
      ]
    },
    {
      "text" : "is airtel better than reliance jio",
      "entities" : [
        {
          "entity" : "competitor",
          "value" : "\"reliance jio\"",
          "start" : 31,
          "end" : 34
        }
      ]
    },
    {
      "text" : "leave airtel",
      "entities" : [
        {
          "entity" : "intent",
          "value" : "\"porting\""
        },
        {
          "entity" : "mnp",
          "value" : "\"from airtel\""
        }
      ]
    },
    {
      "text" : "less than 2",
      "entities" : [
        {
          "entity" : "less_more",
          "value" : "\"<2\""
        },
        {
          "entity" : "less_more",
          "value" : "\"less than 2\"",
          "start" : 0,
          "end" : 11
        }
      ]
    },
    {
      "text" : "mall",
      "entities" : [
        {
          "entity" : "location",
          "value" : "\"mall\"",
          "start" : 0,
          "end" : 4
        }
      ]
    },
    {
      "text" : "more than 2",
      "entities" : [
        {
          "entity" : "less_more",
          "value" : "\">2\""
        },
        {
          "entity" : "less_more",
          "value" : "\"more than 2\"",
          "start" : 0,
          "end" : 11
        }
      ]
    },
    {
      "text" : "my data is not working",
      "entities" : [
        {
          "entity" : "intent",
          "value" : "\"data issues\""
        },
        {
          "entity" : "issues",
          "value" : "\"data plan not working\"",
          "start" : 11,
          "end" : 14
        }
      ]
    },
    {
      "text" : "my data plan is not working",
      "entities" : [
        {
          "entity" : "intent",
          "value" : "\"data issues\""
        },
        {
          "entity" : "issues",
          "value" : "\"data plan not working\"",
          "start" : 16,
          "end" : 19
        }
      ]
    },
    {
      "text" : "my data plan not working",
      "entities" : [
        {
          "entity" : "intent",
          "value" : "\"data issues\""
        },
        {
          "entity" : "issues",
          "value" : "\"data plan\"",
          "start" : 3,
          "end" : 12
        }
      ]
    },
    {
      "text" : "my internet has problem",
      "entities" : [
        {
          "entity" : "intent",
          "value" : "\"data issues\""
        },
        {
          "entity" : "issues",
          "value" : "\"data plan not working\"",
          "start" : 3,
          "end" : 11
        }
      ]
    },
    {
      "text" : "my internet is not working",
      "entities" : [
        {
          "entity" : "intent",
          "value" : "\"data issues\""
        },
        {
          "entity" : "issues",
          "value" : "\"data plan not working\"",
          "start" : 3,
          "end" : 11
        }
      ]
    },
    {
      "text" : "my pincode is 113322",
      "entities" : [
        {
          "entity" : "pincode",
          "value" : "\"113322\"",
          "start" : 14,
          "end" : 20
        }
      ]
    },
    {
      "text" : "net is not working",
      "entities" : [
        {
          "entity" : "intent",
          "value" : "\"data issues\""
        },
        {
          "entity" : "issues",
          "value" : "\"data plan\""
        }
      ]
    },
    {
      "text" : "net not woking",
      "entities" : [
        {
          "entity" : "intent",
          "value" : "\"data issues\""
        },
        {
          "entity" : "issues",
          "value" : "\"data plan not working\"",
          "start" : 0,
          "end" : 14
        }
      ]
    },
    {
      "text" : "net not working",
      "entities" : [
        {
          "entity" : "intent",
          "value" : "\"data issues\""
        },
        {
          "entity" : "issues",
          "value" : "\"data plan not working\"",
          "start" : 0,
          "end" : 15
        }
      ]
    },
    {
      "text" : "netpack not working",
      "entities" : [
        {
          "entity" : "intent",
          "value" : "\"data issues\""
        },
        {
          "entity" : "issues",
          "value" : "\"data plan\""
        }
      ]
    },
    {
      "text" : "no",
      "entities" : [
        {
          "entity" : "yes_no",
          "value" : "\"no\"",
          "start" : 0,
          "end" : 2
        }
      ]
    },
    {
      "text" : "nothing matched",
      "entities" : [
        {
          "entity" : "intent",
          "value" : "\"nothing matched\""
        }
      ]
    },
    {
      "text" : "office",
      "entities" : [
        {
          "entity" : "location",
          "value" : "\"office\"",
          "start" : 0,
          "end" : 6
        }
      ]
    },
    {
      "text" : "ok"
    },
    {
      "text" : "outdoor",
      "entities" : [
        {
          "entity" : "location",
          "value" : "\"outdoor\"",
          "start" : 0,
          "end" : 7
        }
      ]
    },
    {
      "text" : "pin is 70456",
      "entities" : [
        {
          "entity" : "pincode",
          "value" : "\"70456\"",
          "start" : 7,
          "end" : 12
        }
      ]
    },
    {
      "text" : "plan not working",
      "entities" : [
        {
          "entity" : "intent",
          "value" : "\"data issues\""
        },
        {
          "entity" : "issues",
          "value" : "\"data plan\""
        }
      ]
    },
    {
      "text" : "please find my bill",
      "entities" : [
        {
          "entity" : "intent",
          "value" : "\"Billing Issues\""
        },
        {
          "entity" : "issues",
          "value" : "\"find bill\""
        }
      ]
    },
    {
      "text" : "port from airtel",
      "entities" : [
        {
          "entity" : "intent",
          "value" : "\"porting\""
        },
        {
          "entity" : "mnp",
          "value" : "\"from airtel\""
        }
      ]
    },
    {
      "text" : "port from reliance to airtel",
      "entities" : [
        {
          "entity" : "intent",
          "value" : "\"mnp\""
        },
        {
          "entity" : "porting",
          "value" : "\"airtel\""
        }
      ]
    },
    {
      "text" : "port my airtel no to jio",
      "entities" : [
        {
          "entity" : "intent",
          "value" : "\"porting\""
        },
        {
          "entity" : "mnp",
          "value" : "\"from airtel\""
        },
        {
          "entity" : "competitor",
          "value" : "\"reliance jio\"",
          "start" : 21,
          "end" : 24
        }
      ]
    },
    {
      "text" : "port to airtel",
      "entities" : [
        {
          "entity" : "intent",
          "value" : "\"mnp\""
        },
        {
          "entity" : "porting",
          "value" : "\"airtel\""
        }
      ]
    },
    {
      "text" : "postpaid",
      "entities" : [
        {
          "entity" : "post_pre",
          "value" : "\"postpaid\"",
          "start" : 0,
          "end" : 8
        }
      ]
    },
    {
      "text" : "prepaid",
      "entities" : [
        {
          "entity" : "post_pre",
          "value" : "\"prepaid\"",
          "start" : 0,
          "end" : 7
        }
      ]
    },
    {
      "text" : "redirect",
      "entities" : [
        {
          "entity" : "intent",
          "value" : "\"redirect_story\""
        }
      ]
    },
    {
      "text" : "sensative area",
      "entities" : [
        {
          "entity" : "custom_location",
          "value" : "\"sensative area\"",
          "start" : 0,
          "end" : 14
        }
      ]
    },
    {
      "text" : "sensitive",
      "entities" : [
        {
          "entity" : "custom_location",
          "value" : "\"sensative area\""
        }
      ]
    },
    {
      "text" : "sensitive area"
    },
    {
      "text" : "shit services",
      "entities" : [
        {
          "entity" : "bad_words",
          "value" : "\"shit\""
        }
      ]
    },
    {
      "text" : "tommorow at 6 pm",
      "entities" : [
        {
          "entity" : "datetime",
          "value" : "\"2017-05-21T00:00:00.000-07:00\"",
          "start" : 0,
          "end" : 8
        }
      ]
    },
    {
      "text" : "tomorrow 10 AM",
      "entities" : [
        {
          "entity" : "datetime",
          "value" : "\"2017-05-21T10:00:00.000-07:00\"",
          "start" : 0,
          "end" : 14
        }
      ]
    },
    {
      "text" : "tomorrow 10 am ",
      "entities" : [
        {
          "entity" : "datetime",
          "value" : "\"2017-05-21T10:00:00.000-07:00\"",
          "start" : 0,
          "end" : 14
        }
      ]
    },
    {
      "text" : "tomorrow 5 PM",
      "entities" : [
        {
          "entity" : "datetime",
          "value" : "\"2017-05-21T00:00:00.000-07:00\"",
          "start" : 0,
          "end" : 8
        }
      ]
    },
    {
      "text" : "underground"
    },
    {
      "text" : "want to port from airtel",
      "entities" : [
        {
          "entity" : "intent",
          "value" : "\"porting\""
        },
        {
          "entity" : "mnp",
          "value" : "\"from airtel\"",
          "start" : 13,
          "end" : 24
        }
      ]
    },
    {
      "text" : "why should i choose airtel",
      "entities" : [
        {
          "entity" : "intent",
          "value" : "\"competition comparison\""
        }
      ]
    },
    {
      "text" : "why should i choose airtel against reliance jio",
      "entities" : [
        {
          "entity" : "intent",
          "value" : "\"competition comparison\""
        },
        {
          "entity" : "competitor",
          "value" : "\"reliance jio\"",
          "start" : 35,
          "end" : 47
        }
      ]
    },
    {
      "text" : "why should i choose airtel over reliance jio",
      "entities" : [
        {
          "entity" : "intent",
          "value" : "\"competition comparison\""
        },
        {
          "entity" : "competitor",
          "value" : "\"reliance jio\"",
          "start" : 32,
          "end" : 40
        }
      ]
    },
    {
      "text" : "yes",
      "entities" : [
        {
          "entity" : "yes_no",
          "value" : "\"yes\"",
          "start" : 0,
          "end" : 3
        }
      ]
    }
  ]
}