{
  "data" : [
    {
      "name" : "Greeting Story",
      "turns" : [
        {
          "user" : "Hi this is Mahak ",
          "entities" : [
            {
              "entity" : "greetings",
              "value" : "\"true\""
            },
            {
              "entity" : "intent",
              "value" : "\"greeting\""
            },
            {
              "entity" : "greet_text",
              "value" : "\"Hi\"",
              "start" : 0,
              "end" : 2
            },
            {
              "entity" : "contact",
              "value" : "\"Mahak\"",
              "start" : 11,
              "end" : 16
            }
          ],
          "operations" : [
            {
              "action" : "function-greeting"
            },
            {
              "branches" : [
                {
                  "predicates" : [
                    {
                      "name" : "contact",
                      "negative" : false
                    }
                  ],
                  "operations" : [
                    {
                      "action" : "template-Hi {contact}, Welcome to Airtel! How may i assist you ?"
                    }
                  ]
                }
              ]
            }
          ]
        }
      ]
    },
    {
      "name" : "",
      "turns" : [
        {
          "user" : "Nothing matched",
          "entities" : [
            {
              "entity" : "intent",
              "value" : "\"nothing matched\""
            }
          ],
          "operations" : [
            {
              "action" : "template-Ah! This is too hard for me to Understand! Would you like me to schedule a telephonic call with a telephonic operator ?"
            }
          ]
        },
        {
          "branches" : [
            [
              {
                "user" : "Yes",
                "entities" : [
                  {
                    "entity" : "yes_no",
                    "value" : "\"yes\""
                  }
                ],
                "operations" : [
                  {
                    "action" : "template-Please let us know your available timings to schedule a call with our service operators."
                  }
                ]
              },
              {
                "user" : "tomorrow 5 PM",
                "entities" : [
                  {
                    "entity" : "datetime",
                    "value" : "\"2017-05-21T00:00:00.000-07:00\"",
                    "start" : 0,
                    "end" : 8
                  }
                ],
                "operations" : [
                  {
                    "action" : "template-Your call is scheduled. Thank you for writing to us. We wish you a pleasant day ahead! Bye! "
                  }
                ]
              }
            ],
            [
              {
                "user" : "No",
                "entities" : [
                  {
                    "entity" : "yes_no",
                    "value" : "\"no\""
                  }
                ],
                "operations" : [
                  {
                    "action" : "template-Thank you for writing to us. We wish you a pleasant day ahead. Bye!"
                  }
                ]
              }
            ]
          ]
        }
      ]
    },
    {
      "name" : "Bill find story",
      "turns" : [
        {
          "user" : "How can I find my Bill ?",
          "entities" : [
            {
              "entity" : "issues",
              "value" : "\"find bill\""
            },
            {
              "entity" : "intent",
              "value" : "\"Billing Issues\"",
              "start" : 18,
              "end" : 22
            }
          ],
          "operations" : [
            {
              "action" : "template-Please Dial *141# on your phone to check your outstanding amount. Is there anything else I can assist you with ? (yes/no)"
            }
          ]
        },
        {
          "branches" : [
            [
              {
                "user" : "Yes",
                "entities" : [
                  {
                    "entity" : "yes_no",
                    "value" : "\"yes\""
                  }
                ],
                "operations" : [
                  {
                    "action" : "template-Please let us know your available timings to schedule a call with our service operators."
                  }
                ]
              },
              {
                "user" : "tomorrow 10 am ",
                "entities" : [
                  {
                    "entity" : "datetime",
                    "value" : "\"2017-05-21T10:00:00.000-07:00\"",
                    "start" : 0,
                    "end" : 14
                  }
                ],
                "operations" : [
                  {
                    "action" : "template-Your call is scheduled. Thank you for writing to us. We wish you a pleasant day ahead! Bye! "
                  }
                ]
              }
            ],
            [
              {
                "user" : "No",
                "entities" : [
                  {
                    "entity" : "yes_no",
                    "value" : "\"no\""
                  }
                ],
                "operations" : [
                  {
                    "action" : "template-Thank you for writing to us. We wish you a pleasant day ahead. Bye!"
                  }
                ]
              }
            ]
          ]
        }
      ]
    },
    {
      "name" : "redirect story yes",
      "turns" : [
        {
          "user" : "Is there anything else I can assist you with ?",
          "entities" : [
            {
              "entity" : "intent",
              "value" : "\"redirect_story\""
            },
            {
              "entity" : "yes_no",
              "value" : "\"yes\""
            }
          ],
          "operations" : [
            {
              "action" : "template-Please let us know your available timings to schedule a call with our service operators. (redirect)"
            }
          ]
        },
        {
          "user" : "tomorrow 10 AM",
          "entities" : [
            {
              "entity" : "datetime",
              "value" : "\"2017-05-21T10:00:00.000-07:00\"",
              "start" : 0,
              "end" : 14
            }
          ],
          "operations" : [
            {
              "action" : "template-Your call is scheduled. You'll hear back from us shortly. Thank you for writing to us. We wish you a pleasant day ahead! Bye! "
            }
          ]
        }
      ]
    },
    {
      "name" : "",
      "turns" : [
        {
          "user" : "This is a test story to check redirection",
          "entities" : [
            {
              "entity" : "intent",
              "value" : "\"redirect_story\""
            }
          ],
          "operations" : [
            {
              "action" : "template-Is there anything else I can assist you with --redirection?"
            }
          ]
        }
      ]
    },
    {
      "name" : "redirect_story no",
      "turns" : [
        {
          "user" : "Is there anything else I can assist you with ?",
          "entities" : [
            {
              "entity" : "intent",
              "value" : "\"redirect_story\""
            },
            {
              "entity" : "yes_no",
              "value" : "\"No\""
            }
          ],
          "operations" : [
            {
              "action" : "template-Thank you for writing to us. It was a pleasure to service you. We wish you a pleasant day ahead. Bye! (redirect)"
            }
          ]
        }
      ]
    },
    {
      "name" : "Bill charges story",
      "turns" : [
        {
          "user" : "I am being charged high in my bill",
          "entities" : [
            {
              "entity" : "issues",
              "value" : "\"charged more\"",
              "start" : 11,
              "end" : 23
            },
            {
              "entity" : "intent",
              "value" : "\"Billing Issues\"",
              "start" : 30,
              "end" : 34
            }
          ],
          "operations" : [
            {
              "action" : "template-We apologise for the inconvinience faced. Could you please give us your telephone number so that we could look into it ?"
            }
          ]
        },
        {
          "user" : "Yes sure, It is 1234567890",
          "entities" : [
            {
              "entity" : "phone_number",
              "value" : "\"1234567890\"",
              "start" : 16,
              "end" : 26
            }
          ],
          "operations" : [
            {
              "action" : "function-get_bill_details"
            },
            {
              "branches" : [
                {
                  "predicates" : [
                    {
                      "name" : "bill_details",
                      "negative" : false
                    }
                  ],
                  "operations" : [
                    {
                      "action" : "template-{bill_details}"
                    }
                  ]
                }
              ]
            }
          ]
        }
      ]
    },
    {
      "name" : "",
      "turns" : [
        {
          "user" : "why should i choose airtel over reliance jio",
          "entities" : [
            {
              "entity" : "intent",
              "value" : "\"competition comparison\""
            },
            {
              "entity" : "competitor",
              "value" : "\"reliance jio\"",
              "start" : 32,
              "end" : 40
            }
          ],
          "operations" : [
            {
              "action" : "template-Thanks for your query. In a recent competitor survey, It was found that we are leading player in data speed compared to any other network. You can refer this article for more details: https://www.thequint.com/technology/2017/03/21/airtel-reliance-jio-and-ookla-fight-it-out-over-fast-internet-speed-test-claims-in-india "
            }
          ]
        },
        {
          "user" : "ok",
          "entities" : [ ],
          "operations" : [
            {
              "action" : "template-Is there anything else I can assist you with ?"
            }
          ]
        }
      ]
    },
    {
      "name" : "",
      "turns" : [
        {
          "user" : "how can i port from reliance jio to airtel",
          "entities" : [
            {
              "entity" : "intent",
              "value" : "\"mnp\""
            },
            {
              "entity" : "porting",
              "value" : "\"airtel\""
            }
          ],
          "operations" : [
            {
              "action" : "template- Welcome to airtel family :) . You can port your number by following steps given in the link below  http://www.airtel.in/mnp/ . "
            }
          ]
        }
      ]
    },
    {
      "name" : "",
      "turns" : [
        {
          "user" : "my internet is not working",
          "entities" : [
            {
              "entity" : "intent",
              "value" : "\"data issues\""
            },
            {
              "entity" : "issues",
              "value" : "\"data plan not working\"",
              "start" : 3,
              "end" : 11
            }
          ],
          "operations" : [
            {
              "action" : "template-What type of plan are you using Postpaid or Prepaid ?"
            }
          ]
        },
        {
          "branches" : [
            [
              {
                "user" : "Prepaid",
                "entities" : [
                  {
                    "entity" : "post_pre",
                    "value" : "\"prepaid\""
                  }
                ],
                "operations" : [
                  {
                    "action" : "template-Could you please confirm your cellphone number ?"
                  }
                ]
              },
              {
                "user" : "My phone number is 123456789",
                "entities" : [
                  {
                    "entity" : "phone_number",
                    "value" : "\"123456789\"",
                    "start" : 19,
                    "end" : 28
                  }
                ],
                "operations" : [
                  {
                    "action" : "function-get_datapack_details"
                  },
                  {
                    "branches" : [
                      {
                        "predicates" : [
                          {
                            "name" : "datapack",
                            "negative" : false
                          }
                        ],
                        "operations" : [
                          {
                            "action" : "template-{datapack} "
                          }
                        ]
                      }
                    ]
                  }
                ]
              }
            ],
            [
              {
                "user" : "Postpaid",
                "entities" : [
                  {
                    "entity" : "post_pre",
                    "value" : "\"postpaid\""
                  }
                ],
                "operations" : [
                  {
                    "action" : "template-Are you in a  crowded area like mall or traffic jam), a network restricted/sensitive area (like Army cantonment - These areas are typically installed with network jammers for securoty issues) or may be top of a tower (typically above 10th floor )  or in a Basement ?"
                  }
                ]
              },
              {
                "branches" : [
                  [
                    {
                      "user" : "Yes",
                      "entities" : [
                        {
                          "entity" : "yes_no",
                          "value" : "\"yes\""
                        }
                      ],
                      "operations" : [
                        {
                          "action" : "template-There might be network issues due to above cited reasons. We'll still register a complaint for you and will further investigate. Could you please give us the area pincode where you face issues ?"
                        }
                      ]
                    },
                    {
                      "user" : "Pincode is 113302",
                      "entities" : [
                        {
                          "entity" : "phone_number",
                          "value" : "\"113302\"",
                          "start" : 11,
                          "end" : 17
                        }
                      ],
                      "operations" : [
                        {
                          "action" : "function-schedule_request"
                        },
                        {
                          "action" : "template-Thank you for your understanding. You'll hear back from us in 2 working days with an update on this issue."
                        }
                      ]
                    },
                    {
                      "user" : "Okay. Thanks",
                      "entities" : [ ],
                      "operations" : [
                        {
                          "action" : "template-Is there anything else I can assist you with ?"
                        }
                      ]
                    }
                  ],
                  [
                    {
                      "user" : "No",
                      "entities" : [
                        {
                          "entity" : "yes_no",
                          "value" : "\"no\""
                        }
                      ],
                      "operations" : [
                        {
                          "action" : "template-Okay. This is wierd, But do not worry - We can Fix this. We need time to process your concern. Would you allow us some time to investigate the issue and get back to you on this ?"
                        }
                      ]
                    },
                    {
                      "user" : "Ok",
                      "entities" : [ ],
                      "operations" : [
                        {
                          "action" : "template-Is there anything else I can assist you with ?"
                        }
                      ]
                    }
                  ]
                ]
              }
            ]
          ]
        }
      ]
    },
    {
      "name" : "",
      "turns" : [
        {
          "user" : "port from airtel",
          "entities" : [
            {
              "entity" : "intent",
              "value" : "\"porting\""
            },
            {
              "entity" : "mnp",
              "value" : "\"from airtel\""
            }
          ],
          "operations" : [
            {
              "action" : "template-We are sorry to see you go. Would you like to set up a personal call with our experts so that we  assist you properly."
            }
          ]
        },
        {
          "user" : "tommorow at 6 pm",
          "entities" : [
            {
              "entity" : "datetime",
              "value" : "\"2017-05-21T00:00:00.000-07:00\"",
              "start" : 0,
              "end" : 8
            }
          ],
          "operations" : [
            {
              "action" : "function-time"
            },
            {
              "branches" : [
                {
                  "predicates" : [
                    {
                      "name" : "datetime",
                      "negative" : false
                    }
                  ],
                  "operations" : [
                    {
                      "action" : "template-thanks for your support. we will call you at {datetime}. Hope you stay in our airtel family"
                    }
                  ]
                }
              ]
            }
          ]
        }
      ]
    },
    {
      "name" : "",
      "turns" : [
        {
          "user" : "airtel has terrible services",
          "entities" : [
            {
              "entity" : "intent",
              "value" : "\"anger\""
            },
            {
              "entity" : "bad_words",
              "value" : "\"terrible\"",
              "start" : 11,
              "end" : 19
            }
          ],
          "operations" : [
            {
              "action" : "template-Please let us know your available timings to schedule a call with our service operators."
            }
          ]
        }
      ]
    }
  ]
}