{
  "data" : {
    "lookups" : [
      "free-text",
      "keywords",
      "trait"
    ],
    "name" : "bad_words",
    "lang" : "en",
    "exotic" : false,
    "id" : "bad_words",
    "values" : [
      {
        "value" : "shit"
      },
      {
        "value" : "suck",
        "expressions" : [
          "fuck",
          "mean",
          "poor",
          "shit",
          "suck",
          "terrible",
          "unpleasant",
          "worst"
        ]
      },
      {
        "value" : "terrible",
        "expressions" : [
          "terrible"
        ]
      }
    ],
    "doc" : "User-defined entity",
    "builtin" : false
  }
}