{
  "data" : {
    "lookups" : [
      "trait"
    ],
    "name" : "intent",
    "lang" : "en",
    "exotic" : false,
    "id" : "intent",
    "values" : [
      {
        "value" : ""
      },
      {
        "value" : "Billing Issues",
        "expressions" : [
          "Bill"
        ]
      },
      {
        "value" : "anger"
      },
      {
        "value" : "competition comparison"
      },
      {
        "value" : "data issues"
      },
      {
        "value" : "greeting"
      },
      {
        "value" : "mnp"
      },
      {
        "value" : "nothing matched"
      },
      {
        "value" : "porting"
      },
      {
        "value" : "redirect_story",
        "expressions" : [
          "test story"
        ]
      },
      {
        "value" : "test_story",
        "expressions" : [
          "test story"
        ]
      }
    ],
    "doc" : "User-defined entity",
    "builtin" : false
  }
}