{
  "data" : {
    "lookups" : [
      "free-text",
      "keywords",
      "trait"
    ],
    "name" : "issues",
    "lang" : "en",
    "exotic" : false,
    "id" : "issues",
    "values" : [
      {
        "value" : "charged more",
        "expressions" : [
          "billed a lot",
          "charged high",
          "charged more",
          "high bill"
        ]
      },
      {
        "value" : "data not working"
      },
      {
        "value" : "data plan",
        "expressions" : [
          "data plan"
        ]
      },
      {
        "value" : "data plan not working",
        "expressions" : [
          "internet",
          "net not woking",
          "net not working",
          "not"
        ]
      },
      {
        "value" : "find bill",
        "expressions" : [
          "find my bill",
          "not find my bill"
        ]
      },
      {
        "value" : "plan not working"
      }
    ],
    "doc" : "User-defined entity",
    "builtin" : false
  }
}