{
  "data" : {
    "lookups" : [
      "free-text",
      "free-text",
      "keywords",
      "keywords",
      "trait",
      "trait"
    ],
    "name" : "less_more",
    "lang" : "en",
    "exotic" : false,
    "id" : "less_more",
    "values" : [
      {
        "value" : "<2"
      },
      {
        "value" : ">2"
      },
      {
        "value" : "less than 2",
        "expressions" : [
          "less than 2"
        ]
      },
      {
        "value" : "more than 2",
        "expressions" : [
          "more than 2"
        ]
      }
    ],
    "doc" : "User-defined entity",
    "builtin" : false
  }
}