{
  "data" : {
    "lookups" : [
      "free-text",
      "keywords"
    ],
    "name" : "pincode",
    "lang" : "en",
    "exotic" : false,
    "id" : "pincode",
    "values" : [
      {
        "value" : "110043",
        "expressions" : [
          "110043"
        ]
      },
      {
        "value" : "113302",
        "expressions" : [
          "113302"
        ]
      },
      {
        "value" : "113322",
        "expressions" : [
          "113322"
        ]
      },
      {
        "value" : "70456",
        "expressions" : [
          "70456"
        ]
      }
    ],
    "doc" : "User-defined entity",
    "builtin" : false
  }
}