{
  "data" : {
    "lookups" : [
      "free-text",
      "free-text",
      "free-text",
      "keywords",
      "keywords",
      "keywords"
    ],
    "name" : "plan",
    "lang" : "en",
    "exotic" : false,
    "id" : "plan",
    "values" : [
      {
        "value" : "2g",
        "expressions" : [
          "2g"
        ]
      },
      {
        "value" : "3g",
        "expressions" : [
          "3g"
        ]
      },
      {
        "value" : "4g",
        "expressions" : [
          "4g"
        ]
      }
    ],
    "doc" : "User-defined entity",
    "builtin" : false
  }
}