{
  "data" : {
    "lookups" : [
      "free-text",
      "keywords",
      "trait"
    ],
    "name" : "yes_no",
    "lang" : "en",
    "exotic" : false,
    "id" : "yes_no",
    "values" : [
      {
        "value" : "No",
        "metadata" : "no",
        "expressions" : [
          "no",
          "nope"
        ]
      },
      {
        "value" : "Yes",
        "expressions" : [
          "yep",
          "yes"
        ]
      }
    ],
    "doc" : "User-defined entity",
    "builtin" : false
  }
}